Step,Value
0,78.2718734741211
1,124.925109863281
2,104.942794799805
3,109.476943969727
4,111.518051147461
5,104.21280670166
6,108.228904724121
7,115.359916687012
8,109.722045898438
9,105.992431640625
10,101.436248779297
11,99.368408203125
12,96.7428588867188
13,101.689552307129
14,99.407829284668
15,96.1295318603516
16,95.2039108276367
17,94.5831909179688
18,93.1130065917969
19,90.9756927490234
20,89.2819976806641
21,88.813850402832
22,90.6730880737305
23,91.1743698120117
24,89.9775009155274
25,88.9045867919922
26,89.3960113525391
27,90.1412048339844
28,101.982933044434
29,107.784141540527
30,110.24422454834
31,110.272430419922
32,109.152214050293
33,108.808753967285
34,107.544128417969
35,107.734725952148
36,109.780487060547
37,110.746452331543
38,114.15315246582
39,116.044288635254
40,114.790100097656
41,115.62979888916
42,118.029525756836
43,118.101959228516
44,118.267639160156
45,118.427543640137
46,119.663093566895
47,118.98078918457
48,119.948593139648
49,119.897369384766
50,120.85725402832
51,120.712661743164
52,122.08602142334
53,122.441993713379
54,123.713348388672
55,123.965492248535
56,125.62092590332
57,126.869735717773
58,128.999588012695
59,129.013336181641
60,129.105041503906
61,130.045166015625
62,129.260498046875
63,129.809951782227
64,131.534637451172
65,131.370544433594
66,130.678283691406
67,129.908142089844
68,129.179763793945
69,130.329406738281
70,134.52197265625
71,133.931442260742
72,134.986740112305
73,136.685089111328
74,138.164611816406
75,138.17448425293
76,138.838195800781
77,139.22639465332
78,139.774780273438
79,139.956329345703
80,139.19792175293
81,139.271881103516
82,141.098342895508
83,140.612426757813
84,140.503402709961
85,142.514617919922
86,143.772247314453
87,145.324401855469
88,144.657943725586
89,144.52131652832
90,144.961837768555
91,144.969207763672
92,144.569946289063
93,144.467712402344
94,143.971374511719
95,144.100204467773
96,143.593246459961
97,143.408264160156
98,143.100357055664
99,143.841583251953
100,145.194885253906
101,144.664978027344
102,145.071533203125
103,144.721374511719
104,144.623733520508
105,146.833251953125
106,146.608108520508
107,146.623458862305
108,147.12858581543
109,147.219635009766
110,150.247543334961
111,150.522735595703
112,152.221862792969
113,153.196502685547
114,153.312973022461
115,153.794052124023
116,154.46142578125
117,154.693374633789
118,155.624145507813
119,156.373458862305
120,156.749206542969
121,157.607849121094
122,157.056365966797
123,157.147872924805
124,159.883834838867
125,161.457962036133
126,162.168395996094
127,163.167694091797
128,160.54963684082
129,158.699356079102
130,159.037673950195
131,160.701232910156
132,164.510314941406
133,165.178909301758
134,166.480590820313
135,167.796569824219
136,167.070373535156
137,166.539047241211
138,165.686248779297
139,167.107620239258
140,168.201324462891
141,167.80744934082
142,166.458969116211
143,166.143249511719
144,166.292724609375
145,166.948303222656
146,167.547744750977
147,167.922821044922
148,168.128555297852
149,168.087478637695
150,167.424606323242
151,168.261749267578
152,168.335494995117
153,168.462356567383
154,170.571960449219
155,170.359725952148
156,169.730438232422
157,169.660125732422
158,169.789138793945
159,169.97509765625
160,169.771926879883
161,169.912155151367
162,170.255706787109
163,169.671249389648
164,168.110336303711
165,169.531372070313
166,171.319808959961
167,171.51594543457
168,171.662353515625
169,170.419921875
170,167.569274902344
171,170.149765014648
172,168.906631469727
173,166.590301513672
174,167.703079223633
175,168.156433105469
176,167.906707763672
177,169.763885498047
178,168.899505615234
179,168.458465576172
180,170.037658691406
181,169.917572021484
182,168.086318969727
183,168.326477050781
184,167.964614868164
185,167.677322387695
186,168.135177612305
187,169.473754882813
188,170.842071533203
189,170.74870300293
190,169.67008972168
191,169.428848266602
192,169.69514465332
193,169.505386352539
194,169.513275146484
195,169.601272583008
196,172.462738037109
197,173.406234741211
198,173.239135742188
199,171.8388671875
200,171.237991333008
201,173.9033203125
202,173.784942626953
203,174.44694519043
204,174.476028442383
205,172.671768188477
206,173.019409179688
207,173.383941650391
208,175.880645751953
209,175.944381713867
210,173.720748901367
211,174.244583129883
212,173.165283203125
213,172.472122192383
214,176.274230957031
215,177.345932006836
216,177.148239135742
217,179.123001098633
218,178.884811401367
219,180.357833862305
220,180.789489746094
221,180.484558105469
222,182.870895385742
223,183.40217590332
224,180.833618164063
225,180.783813476563
226,180.998199462891
227,180.06005859375
228,180.08708190918
229,180.05354309082
230,179.235290527344
231,178.218734741211
232,176.008438110352
233,175.894256591797
234,176.990646362305
235,176.966842651367
236,177.815185546875
237,177.659881591797
238,176.95378112793
239,177.316619873047
240,179.046035766602
241,179.800277709961
242,181.400131225586
243,182.751327514648
244,182.509323120117
245,181.675689697266
246,181.21989440918
247,182.116226196289
248,181.999267578125
249,181.951309204102
250,182.393569946289
251,182.461380004883
252,185.099716186523
253,185.419876098633
254,184.394500732422
255,185.56462097168
256,185.38459777832
257,186.476593017578
258,185.963363647461
259,185.455047607422
260,185.858489990234
261,187.557586669922
262,187.580780029297
263,188.279541015625
264,190.265579223633
265,188.613204956055
266,188.221420288086
267,187.532791137695
268,188.142517089844
269,188.950180053711
270,190.92887878418
271,188.981201171875
272,189.399047851563
273,190.578628540039
274,189.809906005859
275,190.225433349609
276,192.198181152344
277,191.282653808594
278,191.597915649414
279,191.869384765625
280,191.965194702148
281,191.99967956543
282,192.478973388672
283,195.018646240234
284,197.001754760742
285,196.015151977539
286,194.027252197266
287,192.040908813477
288,193.41291809082
289,193.166458129883
290,193.866302490234
291,195.243728637695
292,195.170776367188
293,196.255783081055
294,196.258483886719
295,197.828399658203
296,196.163314819336
297,201.30354309082
298,201.783645629883
299,202.000503540039
300,204.278533935547
301,201.907791137695
302,202.348022460937
303,203.232147216797
304,203.180191040039
305,203.366851806641
306,204.568466186523
307,204.687973022461
308,201.823043823242
309,203.399856567383
310,204.059982299805
311,203.665496826172
312,206.966567993164
313,207.575576782227
314,204.714965820312
315,205.388198852539
316,205.492874145508
317,204.200973510742
318,205.002532958984
319,205.565399169922
320,207.531616210938
321,208.924667358398
322,207.4228515625
323,206.7578125
324,210.173751831055
325,209.406845092773
326,211.654754638672
327,212.146209716797
328,211.979568481445
329,213.124053955078
330,212.52702331543
331,214.357147216797
332,214.365264892578
333,213.811920166016
334,216.018646240234
335,216.590896606445
336,215.908294677734
337,218.711074829102
338,219.094696044922
339,218.029830932617
340,218.271133422852
341,218.088973999023
342,219.154769897461
343,218.963745117187
344,220.259719848633
345,225.212860107422
346,224.852020263672
347,223.483428955078
348,222.510589599609
349,224.757141113281
350,227.540512084961
351,226.679382324219
352,223.97607421875
353,222.999725341797
354,223.525009155273
355,224.735458374023
356,224.536224365234
357,224.168487548828
358,226.020156860352
359,226.715744018555
360,227.472839355469
361,226.415390014648
362,227.099044799805
363,228.850784301758
364,228.824325561523
365,229.616668701172
366,232.181869506836
367,234.035217285156
368,235.183380126953
369,235.973770141602
370,233.537368774414
371,234.100280761719
372,235.118545532227
373,237.650939941406
374,236.19856262207
375,235.596939086914
376,233.636383056641
377,232.659729003906
378,234.665939331055
379,235.265228271484
380,233.856979370117
381,233.556060791016
382,234.338302612305
383,233.766387939453
384,238.62109375
385,238.526489257812
386,241.142440795898
387,242.099884033203
388,239.661865234375
389,240.054092407227
390,242.464965820312
391,245.242156982422
392,245.054733276367
393,243.988967895508
394,244.083541870117
395,241.932357788086
396,240.963958740234
397,237.93293762207
398,237.567153930664
399,240.26171875
400,238.30207824707
401,238.469528198242
402,238.258163452148
403,236.79704284668
404,240.304260253906
405,240.008102416992
406,239.479125976563
407,238.493743896484
408,241.192535400391
409,244.155227661133
410,244.867279052734
411,245.552673339844
412,241.945190429688
413,244.144424438477
414,244.242523193359
415,245.125518798828
416,246.827545166016
417,247.114868164063
418,248.857284545898
419,249.703552246094
420,250.294326782227
421,250.950424194336
422,252.614318847656
423,254.258148193359
424,252.958541870117
425,253.214492797852
426,250.193206787109
427,253.001449584961
428,254.258499145508
429,253.204864501953
430,254.770233154297
431,253.220733642578
432,254.42073059082
433,256.679290771484
434,253.987777709961
435,256.515319824219
436,257.783416748047
437,256.360198974609
438,256.1689453125
439,254.59016418457
440,251.96728515625
441,252.016311645508
442,251.255874633789
443,251.018264770508
444,250.404678344727
445,247.500534057617
446,247.027847290039
447,247.412216186523
448,248.288177490234
449,248.776947021484
450,246.682723999023
451,248.039901733398
452,248.153396606445
453,248.051727294922
454,248.723205566406
455,247.040374755859
456,247.714172363281
457,248.245346069336
458,245.525573730469
459,247.27978515625
460,245.867431640625
461,244.968765258789
462,248.015167236328
463,247.06379699707
464,246.916519165039
465,248.29182434082
466,250.112701416016
467,249.232391357422
468,247.216918945312
469,245.543045043945
470,246.70246887207
471,245.663543701172
472,245.881103515625
473,243.541015625
474,245.373199462891
475,246.351119995117
476,246.726791381836
477,249.517929077148
478,248.6650390625
479,248.546752929687
480,248.706420898437
481,248.505187988281
482,249.077850341797
483,252.976989746094
484,247.200149536133
485,248.069854736328
486,249.544281005859
487,249.822769165039
488,250.902740478516
489,252.930404663086
490,251.009307861328
491,247.698165893555
492,247.773162841797
493,250.397918701172
494,250.388366699219
495,250.283874511719
496,250.277709960937
497,246.745483398437
498,251.600311279297
499,251.413391113281
500,256.854400634766
501,256.3798828125
502,257.476348876953
503,257.488464355469
504,254.25569152832
505,254.354049682617
506,254.861221313477
507,256.818634033203
508,255.585647583008
509,253.950607299805
510,255.109649658203
511,254.916152954102
512,260.607574462891
513,260.570190429687
514,259.720336914062
515,257.710388183594
516,259.116119384766
517,258.834075927734
518,257.481689453125
519,254.123001098633
520,252.159881591797
521,253.356918334961
522,251.013809204102
523,254.542510986328
524,252.125762939453
525,251.458282470703
526,256.564697265625
527,253.16667175293
528,251.755493164063
529,252.041564941406
530,251.172409057617
531,251.568206787109
532,256.128601074219
533,255.349014282227
534,262.542602539063
535,257.872436523437
536,256.494140625
537,257.561859130859
538,257.479522705078
539,258.789764404297
540,263.066131591797
541,264.150390625
542,262.564270019531
543,263.391448974609
544,264.384033203125
545,262.234222412109
546,262.987457275391
547,265.168090820312
548,266.226257324219
549,263.348236083984
550,263.128814697266
551,262.983154296875
552,263.839202880859
553,265.285766601562
554,262.635986328125
555,262.819061279297
556,262.030090332031
557,266.940582275391
558,267.904235839844
559,268.568298339844
560,269.233215332031
561,268.926940917969
562,266.7548828125
563,271.853118896484
564,273.432647705078
565,272.523590087891
566,274.077880859375
567,276.729827880859
568,279.249603271484
569,282.733215332031
570,282.049224853516
571,282.509765625
572,281.245239257813
573,282.556182861328
574,281.010925292969
575,279.437072753906
576,279.372924804687
577,276.470672607422
578,278.557281494141
579,279.700866699219
580,280.232360839844
581,281.135925292969
582,281.552886962891
583,276.0068359375
584,275.073089599609
585,278.984527587891
586,274.989105224609
587,275.548248291016
588,276.821807861328
589,281.125030517578
590,283.929229736328
591,282.854034423828
592,284.402404785156
593,283.332855224609
594,289.782531738281
595,291.365783691406
596,293.289825439453
597,298.496002197266
598,294.968627929688
599,292.435119628906
600,286.024810791016
601,286.030822753906
602,284.733520507812
603,285.614837646484
604,287.506713867187
605,289.75439453125
606,288.198486328125
607,286.721069335937
608,284.957550048828
609,282.247161865234
610,282.216674804687
611,282.984497070312
612,277.698089599609
613,274.443328857422
614,278.650695800781
615,280.301666259766
616,283.782196044922
617,290.061950683594
618,288.971069335937
619,292.679321289062
620,295.465209960937
621,292.918884277344
622,293.113708496094
623,294.567718505859
624,295.154174804687
625,296.392272949219
626,295.399658203125
627,296.187255859375
628,297.887481689453
629,298.657470703125
630,298.177154541016
631,296.819671630859
632,291.812042236328
633,290.916961669922
634,286.110443115234
635,286.511840820312
636,289.145080566406
637,287.080871582031
638,287.265106201172
639,287.802154541016
640,285.585906982422
641,284.123901367187
642,284.03125
643,282.949645996094
644,283.431976318359
645,290.119354248047
646,291.2861328125
647,291.341369628906
648,293.291900634766
649,293.528900146484
650,294.037109375
651,293.510925292969
652,291.678192138672
653,292.065948486328
654,291.479248046875
655,291.265472412109
656,292.139129638672
657,285.523681640625
658,284.358367919922
659,287.636535644531
660,289.552062988281
661,289.349273681641
662,294.191040039063
663,287.507202148437
664,289.367980957031
665,288.578796386719
666,286.275299072266
667,283.70849609375
668,282.837677001953
669,279.069854736328
670,279.965087890625
671,280.293548583984
672,281.276794433594
673,279.29052734375
674,282.313232421875
675,282.997375488281
676,284.753845214844
677,284.588317871094
678,281.421264648437
679,279.887786865234
680,283.379760742188
681,284.329864501953
682,282.269378662109
683,282.462188720703
684,284.427185058594
685,284.120849609375
686,284.407104492188
687,282.908996582031
688,281.83447265625
689,279.457000732422
690,276.139343261719
691,277.789123535156
692,289.202209472656
693,288.133728027344
694,284.444366455078
695,284.506896972656
696,283.950836181641
697,282.857543945312
698,281.824249267578
699,283.401458740234
700,284.860900878906
701,284.753875732422
702,292.38330078125
703,294.826477050781
704,294.614685058594
705,292.167602539062
706,292.275756835937
707,293.550903320312
708,294.709686279297
709,298.046691894531
710,296.125549316406
711,296.015960693359
712,296.203857421875
713,296.772491455078
714,294.185607910156
715,292.138519287109
716,287.115295410156
717,280.829193115234
718,279.661041259766
719,280.139312744141
720,281.680694580078
721,286.925933837891
722,295.274200439453
723,289.322692871094
724,293.312805175781
725,293.822448730469
726,289.719268798828
727,293.175201416016
728,291.877868652344
729,292.099212646484
730,294.060791015625
731,294.653839111328
732,296.734008789062
733,297.893646240234
734,296.653594970703
735,296.363433837891
736,301.139617919922
737,302.620971679687
738,306.155609130859
739,304.349212646484
740,302.612091064453
741,304.115325927734
742,307.651000976562
743,312.355682373047
744,312.629150390625
745,306.393890380859
746,305.136932373047
747,305.881469726563
748,301.804748535156
749,303.264831542969
750,302.569000244141
751,301.298767089844
752,300.870056152344
753,298.744995117187
754,298.461395263672
755,298.482330322266
756,298.393585205078
757,303.437377929687
758,303.455108642578
759,297.658813476562
760,297.189208984375
761,297.704193115234
762,294.998443603516
763,294.416839599609
764,289.568359375
765,291.819580078125
766,286.907470703125
767,286.446929931641
768,287.028839111328
769,287.910491943359
770,290.617492675781
771,294.136077880859
772,296.71875
773,297.203125
774,295.900634765625
775,296.587707519531
776,294.203674316406
777,300.375579833984
778,300.103820800781
779,299.706665039063
780,296.235076904297
781,295.466247558594
782,296.553039550781
783,299.763244628906
784,299.246002197266
785,295.028137207031
786,296.01025390625
787,295.599945068359
788,295.962707519531
789,291.605682373047
790,292.890563964844
791,291.383178710938
792,278.606353759766
793,280.93310546875
794,278.380004882812
795,276.956787109375
796,278.014312744141
797,279.094421386719
798,278.898590087891
799,279.368713378906
800,279.169097900391
801,283.021728515625
802,278.798919677734
803,278.392242431641
804,276.232757568359
805,276.34423828125
806,275.930267333984
807,276.892578125
808,280.227935791016
809,277.069915771484
810,276.971282958984
811,275.819030761719
812,278.050811767578
813,277.39404296875
814,276.644226074219
815,276.630645751953
816,277.292663574219
817,278.074981689453
818,290.036163330078
819,287.602325439453
820,285.996612548828
821,281.498352050781
822,274.017700195312
823,278.826080322266
824,274.642761230469
825,274.967864990234
826,276.617462158203
827,276.341705322266
828,276.424468994141
829,279.966491699219
830,278.980285644531
831,279.217071533203
832,275.182647705078
833,274.988037109375
834,272.047760009766
835,273.812774658203
836,267.974822998047
837,266.604064941406
838,263.07666015625
839,264.598297119141
840,271.377319335937
841,269.579772949219
842,267.597900390625
843,262.401153564453
844,260.256439208984
845,261.835113525391
846,261.905853271484
847,260.111145019531
848,262.056335449219
849,263.276245117187
850,266.955078125
851,268.115539550781
852,270.054351806641
853,272.980255126953
854,274.625396728516
855,276.156555175781
856,276.358825683594
857,271.413146972656
858,273.522796630859
859,273.923858642578
860,273.033843994141
861,272.449005126953
862,280.625823974609
863,283.612884521484
864,283.324157714844
865,280.392211914062
866,280.291839599609
867,292.556732177734
868,291.488525390625
869,294.565765380859
870,291.466522216797
871,286.952209472656
872,287.870086669922
873,291.4443359375
874,296.196655273437
875,300.942474365234
876,301.158386230469
877,301.305572509766
878,303.043579101563
879,311.546936035156
880,311.345520019531
881,314.623138427734
882,324.262390136719
883,322.584716796875
884,323.937225341797
885,324.726165771484
886,323.259521484375
887,322.577972412109
888,321.732147216797
889,322.609222412109
890,320.563018798828
891,321.669464111328
892,323.891265869141
893,323.584320068359
894,331.102691650391
895,331.844451904297
896,329.81005859375
897,328.319976806641
898,331.724975585937
899,331.930969238281
900,333.382202148437
901,334.718475341797
902,331.425964355469
903,328.997894287109
904,329.095886230469
905,335.668060302734
906,342.302307128906
907,342.909271240234
908,339.665679931641
909,342.49658203125
910,345.093902587891
911,346.566467285156
912,349.592163085937
913,351.266540527344
914,352.760345458984
915,355.375061035156
916,356.238342285156
917,356.758483886719
918,349.203247070312
919,351.959014892578
920,348.133728027344
921,346.898223876953
922,347.922729492188
923,343.892028808594
924,343.712799072266
925,347.979827880859
926,346.010131835938
927,345.416778564453
928,344.393310546875
929,351.63818359375
930,351.828186035156
931,355.642059326172
932,358.723968505859
933,359.382659912109
934,359.787170410156
935,360.310546875
936,358.74267578125
937,358.824432373047
938,359.802032470703
939,359.134460449219
940,352.600036621094
941,354.633819580078
942,353.094635009766
943,353.101196289062
944,352.623718261719
945,354.551055908203
946,357.887817382812
947,358.267791748047
948,356.887664794922
949,364.471435546875
950,364.294372558594
951,365.759368896484
952,368.084197998047
953,369.132171630859
954,367.58935546875
955,367.228729248047
956,372.209136962891
957,373.931671142578
958,377.600433349609
959,376.61328125
960,378.104766845703
961,380.2255859375
962,370.252319335937
963,371.1611328125
964,373.203491210938
965,376.630615234375
966,377.321960449219
967,366.483734130859
968,366.986206054687
969,363.595153808594
970,362.882293701172
971,368.113891601562
972,367.339416503906
973,364.621429443359
974,359.923400878906
975,354.3876953125
976,353.718963623047
977,349.245727539062
978,348.073669433594
979,340.236877441406
980,342.3818359375
981,340.170806884766
982,329.823486328125
983,328.587615966797
984,330.133514404297
985,329.187469482422
986,330.837982177734
987,332.495025634766
988,332.355285644531
989,331.082000732422
990,333.625
991,333.827941894531
992,333.533966064453
993,332.176574707031
994,324.728546142578
995,330.661956787109
996,330.265075683594
997,328.028564453125
998,326.250885009766
999,326.058471679687
1000,326.337982177734
1001,322.132080078125
1002,322.118988037109
1003,323.370574951172
1004,325.613159179687
1005,326.010864257813
1006,319.596405029297
1007,317.400360107422
1008,318.770599365234
1009,316.831420898438
1010,313.852996826172
1011,313.93994140625
1012,310.111877441406
1013,310.351745605469
1014,307.304534912109
1015,305.085174560547
1016,302.748596191406
1017,300.762054443359
1018,297.822143554687
1019,293.417114257812
1020,295.733825683594
1021,296.897918701172
1022,301.486389160156
1023,303.720703125
1024,304.572967529297
1025,302.586853027344
1026,304.066864013672
1027,300.689727783203
1028,301.053924560547
1029,290.842376708984
1030,291.983245849609
1031,289.851379394531
1032,287.395202636719
1033,285.462219238281
1034,287.845520019531
1035,287.898132324219
1036,287.868469238281
1037,287.554565429688
1038,285.694610595703
1039,286.462310791016
1040,289.977722167969
1041,288.249542236328
1042,288.144287109375
1043,288.341491699219
1044,289.282257080078
1045,285.997894287109
1046,282.130157470703
1047,288.728485107422
1048,289.308074951172
1049,280.281372070312
1050,276.587310791016
1051,275.429107666016
1052,273.248382568359
1053,269.91015625
1054,270.299957275391
1055,268.750457763672
1056,264.035186767578
1057,262.571502685547
1058,256.877136230469
1059,257.458984375
1060,258.325317382812
1061,258.408355712891
1062,256.898864746094
1063,255.866897583008
1064,254.098571777344
1065,253.408905029297
1066,254.18782043457
1067,253.71940612793
1068,258.020263671875
1069,261.511047363281
1070,263.5537109375
1071,260.627563476562
1072,257.488403320312
1073,256.530029296875
1074,255.232116699219
1075,254.762084960937
1076,257.508819580078
1077,256.320007324219
1078,256.340515136719
1079,256.941650390625
1080,255.578399658203
1081,254.09716796875
1082,255.176849365234
1083,256.822570800781
1084,253.05908203125
1085,254.284317016602
1086,255.316787719727
1087,256.351287841797
1088,256.366302490234
1089,257.337982177734
1090,258.573272705078
1091,259.459747314453
1092,259.300079345703
1093,257.830169677734
1094,257.2646484375
1095,251.540222167969
1096,251.336929321289
1097,253.388610839844
1098,251.452041625977
1099,249.977386474609
1100,249.737655639648
1101,250.779083251953
1102,252.445434570313
1103,251.490753173828
1104,249.350799560547
1105,244.227874755859
1106,246.175262451172
1107,247.283050537109
1108,246.865707397461
1109,246.178268432617
1110,246.821197509766
1111,247.774276733398
1112,248.827255249023
1113,247.092193603516
1114,250.479690551758
1115,251.353698730469
1116,250.675552368164
1117,256.874359130859
1118,260.201263427734
1119,264.362884521484
1120,263.413543701172
1121,265.048492431641
1122,258.580993652344
1123,261.583282470703
1124,264.454772949219
1125,262.752166748047
1126,261.967742919922
1127,264.746734619141
1128,267.766662597656
1129,266.801055908203
1130,267.023986816406
1131,268.463317871094
1132,268.343719482422
1133,268.370056152344
1134,267.209259033203
1135,267.290374755859
1136,269.665740966797
1137,271.574676513672
1138,276.450958251953
1139,275.599517822266
1140,272.772277832031
1141,273.257904052734
1142,273.550201416016
1143,279.175872802734
1144,278.922088623047
1145,277.468658447266
1146,281.729766845703
1147,274.732696533203
1148,278.5751953125
1149,283.942504882812
1150,284.341339111328
1151,283.539001464844
1152,281.884094238281
1153,282.983856201172
1154,285.429107666016
1155,295.124847412109
1156,301.525604248047
1157,302.245513916016
1158,301.754455566406
1159,310.875335693359
1160,307.194549560547
1161,305.278656005859
1162,306.364685058594
1163,307.320373535156
1164,307.042633056641
1165,305.096862792969
1166,305.794525146484
1167,305.911346435547
1168,304.643493652344
1169,301.072631835937
1170,301.785736083984
1171,298.904602050781
1172,301.28759765625
1173,300.978057861328
1174,302.266632080078
1175,307.519378662109
1176,305.856414794922
1177,312.020965576172
1178,315.493957519531
1179,315.981811523437
1180,316.233093261719
1181,321.522735595703
1182,321.723114013672
1183,320.254211425781
1184,325.677520751953
1185,325.203338623047
1186,322.963745117187
1187,321.317230224609
1188,321.232147216797
1189,326.094512939453
1190,326.879150390625
1191,324.629241943359
1192,324.351959228516
1193,330.663818359375
1194,331.314849853516
1195,333.066192626953
1196,332.959503173828
1197,331.761596679687
1198,336.651519775391
1199,339.508758544922
1200,337.132019042969
1201,336.962005615234
1202,341.261169433594
1203,340.953796386719
1204,341.620300292969
1205,344.570953369141
1206,344.391326904297
1207,343.348022460937
1208,341.632843017578
1209,340.950103759766
1210,341.500396728516
1211,341.167846679688
1212,338.763092041016
1213,340.246795654297
1214,338.399322509766
1215,337.537414550781
1216,343.956359863281
1217,340.866455078125
1218,343.521850585938
1219,339.748382568359
1220,340.565216064453
1221,343.527801513672
1222,345.641937255859
1223,340.486450195313
1224,344.033233642578
1225,354.79833984375
1226,354.207214355469
1227,352.704620361328
1228,353.501312255859
1229,352.525817871094
1230,353.007873535156
1231,355.708801269531
1232,355.322052001953
1233,362.821655273437
1234,361.600219726562
1235,364.364898681641
1236,361.820343017578
1237,361.414245605469
1238,359.278930664063
1239,359.454315185547
1240,359.414123535156
1241,360.499725341797
1242,364.964965820312
1243,359.625091552734
1244,359.240814208984
1245,361.173583984375
1246,360.112243652344
1247,363.072967529297
1248,359.552337646484
1249,355.287750244141
1250,354.875854492187
1251,354.701049804687
1252,358.471282958984
1253,358.893371582031
1254,361.894470214844
1255,353.162384033203
1256,351.406585693359
1257,353.25830078125
1258,359.011749267578
1259,351.141998291016
1260,357.551666259766
1261,358.148162841797
1262,356.167999267578
1263,353.615692138672
1264,355.756988525391
1265,355.059844970703
1266,352.699310302734
1267,353.477264404297
1268,349.468688964844
1269,349.272491455078
1270,348.869812011719
1271,349.355072021484
1272,345.837585449219
1273,345.568634033203
1274,345.075927734375
1275,342.610809326172
1276,343.576080322266
1277,337.513854980469
1278,334.601440429687
1279,333.348846435547
1280,331.621032714844
1281,326.650573730469
1282,329.217071533203
1283,329.424682617188
1284,327.895935058594
1285,325.757659912109
1286,330.046966552734
1287,332.236236572266
1288,333.405792236328
1289,332.362182617187
1290,330.822723388672
1291,334.339508056641
1292,332.088104248047
1293,325.791473388672
1294,329.596099853516
1295,330.398406982422
1296,337.52197265625
1297,338.033233642578
1298,337.007751464844
1299,337.177825927734
1300,338.953796386719
1301,338.248992919922
1302,332.895202636719
1303,332.5205078125
1304,335.546234130859
1305,330.948455810547
1306,334.156066894531
1307,336.629425048828
1308,337.517608642578
1309,340.602966308594
1310,339.120330810547
1311,339.503784179688
1312,338.942626953125
1313,338.726318359375
1314,338.541931152344
1315,337.173156738281
1316,331.259155273437
1317,329.917999267578
1318,332.812103271484
1319,337.281768798828
1320,338.330657958984
1321,332.850463867187
1322,330.697265625
1323,331.897674560547
1324,325.300476074219
1325,313.651916503906
1326,317.648254394531
1327,320.270111083984
1328,316.086975097656
1329,318.346649169922
1330,315.816253662109
1331,309.566070556641
1332,311.339263916016
1333,305.0126953125
1334,307.708068847656
1335,304.468688964844
1336,303.990020751953
1337,303.009307861328
1338,302.379180908203
1339,306.549285888672
1340,311.449005126953
1341,310.455444335937
1342,309.95947265625
1343,312.517913818359
1344,313.302886962891
1345,312.153900146484
1346,310.990936279297
1347,307.663757324219
1348,307.250091552734
1349,307.641418457031
1350,313.115051269531
1351,313.882415771484
1352,310.084289550781
1353,308.604064941406
1354,303.363128662109
1355,302.253997802734
1356,296.268920898437
1357,295.000854492188
1358,290.116851806641
1359,289.054962158203
1360,288.892028808594
1361,288.310363769531
1362,299.6123046875
1363,301.077484130859
1364,301.2158203125
1365,304.746551513672
1366,322.508056640625
1367,322.489837646484
1368,325.420959472656
1369,326.015808105469
1370,325.167633056641
1371,330.649932861328
1372,330.808715820312
1373,334.816711425781
1374,336.736175537109
1375,333.744689941406
1376,333.525360107422
1377,331.58349609375
1378,331.890258789062
1379,333.831359863281
1380,335.507354736328
1381,343.547485351562
1382,339.309051513672
1383,339.796020507812
1384,337.044281005859
1385,340.388244628906
1386,340.914337158203
1387,337.488708496094
1388,337.995971679688
1389,339.164794921875
1390,338.281311035156
1391,335.253601074219
1392,337.013488769531
1393,338.880187988281
1394,336.664489746094
1395,337.270355224609
1396,334.156707763672
1397,331.814086914062
1398,332.027221679687
1399,334.162017822266
1400,333.867797851562
1401,335.249176025391
1402,336.464172363281
1403,339.193176269531
1404,338.249694824219
1405,341.041168212891
1406,337.626495361328
1407,334.063751220703
1408,333.676818847656
1409,334.914825439453
1410,335.300231933594
1411,333.902984619141
1412,334.102874755859
1413,334.173950195312
1414,333.674987792969
1415,334.741180419922
1416,336.9423828125
1417,341.498565673828
1418,343.588043212891
1419,339.593994140625
1420,340.157470703125
1421,343.500640869141
1422,343.538879394531
1423,344.287261962891
1424,344.371520996094
1425,342.712066650391
1426,340.453399658203
1427,337.921173095703
1428,341.616607666016
1429,342.859497070312
1430,342.772094726562
1431,348.932495117187
1432,350.294067382812
1433,351.655487060547
1434,351.932830810547
1435,351.660064697266
1436,351.367980957031
1437,354.87109375
1438,356.940551757812
1439,354.299743652344
1440,349.706970214844
1441,354.241973876953
1442,355.322937011719
1443,365.235870361328
1444,373.344360351562
1445,373.727752685547
1446,372.029449462891
1447,373.063934326172
1448,374.720123291016
1449,371.201538085938
1450,365.460235595703
1451,373.644714355469
1452,376.074157714844
1453,377.047912597656
1454,378.976318359375
1455,379.476867675781
1456,381.233184814453
1457,381.988128662109
1458,390.284484863281
1459,390.678619384766
1460,389.535217285156
1461,392.701477050781
1462,390.306488037109
1463,390.278900146484
1464,388.112762451172
1465,387.148345947266
1466,372.730987548828
1467,371.239013671875
1468,373.641021728516
1469,376.139038085938
1470,374.656555175781
1471,372.359924316406
1472,374.523254394531
1473,376.379119873047
1474,380.372344970703
1475,383.602783203125
1476,388.498016357422
1477,392.481475830078
1478,391.014739990234
1479,388.861114501953
1480,390.218078613281
1481,381.604034423828
1482,384.078033447266
1483,384.642944335937
1484,383.587585449219
1485,390.280151367187
1486,387.140228271484
1487,388.352600097656
1488,387.427185058594
1489,382.247406005859
1490,380.410217285156
1491,380.324127197266
1492,382.08740234375
1493,381.582427978516
1494,380.408447265625
1495,378.890319824219
1496,377.006469726562
1497,380.446380615234
1498,377.359619140625
1499,372.780578613281
1500,371.10693359375
1501,368.749237060547
1502,368.685455322266
1503,368.359741210937
1504,367.528076171875
1505,364.394744873047
1506,362.632202148438
1507,364.107360839844
1508,364.783050537109
1509,369.115631103516
1510,371.920623779297
1511,374.297332763672
1512,381.988342285156
1513,383.869689941406
1514,384.640014648437
1515,389.307739257812
1516,389.036285400391
1517,384.952270507812
1518,374.168853759766
1519,377.176605224609
1520,374.379821777344
1521,380.2177734375
1522,381.134185791016
1523,378.517425537109
1524,378.923614501953
1525,379.933715820312
1526,378.581848144531
1527,378.069244384766
1528,376.785247802734
1529,375.985137939453
1530,376.635345458984
1531,369.957153320312
1532,368.942169189453
1533,374.116455078125
1534,375.266662597656
1535,373.693572998047
1536,374.647735595703
1537,373.099639892578
1538,369.398529052734
1539,367.587097167969
1540,367.525177001953
1541,364.479522705078
1542,361.778259277344
1543,359.845031738281
1544,354.647369384766
1545,357.645782470703
1546,364.752044677734
1547,363.986450195312
1548,361.657806396484
1549,365.278503417969
1550,366.348205566406
1551,357.856628417969
1552,357.124572753906
1553,359.990966796875
1554,360.587463378906
1555,360.313659667969
1556,363.749084472656
1557,361.426696777344
1558,354.789337158203
1559,358.163146972656
1560,359.7548828125
1561,361.986846923828
1562,356.488067626953
1563,356.863830566406
1564,357.238586425781
1565,357.894134521484
1566,360.821228027344
1567,360.856384277344
1568,356.373077392578
1569,363.993499755859
1570,366.93359375
1571,369.062622070312
1572,367.016845703125
1573,367.189727783203
1574,359.916320800781
1575,360.595794677734
1576,354.619842529297
1577,351.401550292969
1578,354.907928466797
1579,354.333129882813
1580,352.084259033203
1581,355.462799072266
1582,355.621520996094
1583,356.129486083984
1584,356.602020263672
1585,358.982513427734
1586,358.905426025391
1587,363.335815429688
1588,361.412750244141
1589,362.286834716797
1590,364.426696777344
1591,365.688537597656
1592,372.994598388672
1593,371.533386230469
1594,370.859222412109
1595,370.615051269531
1596,368.411010742187
1597,371.808746337891
1598,371.780731201172
1599,371.013946533203
1600,382.227172851562
1601,381.270782470703
1602,379.5107421875
1603,378.837097167969
1604,377.305053710938
1605,379.344299316406
1606,384.594879150391
1607,385.038024902344
1608,391.948333740234
1609,383.504791259766
1610,382.438720703125
1611,379.253967285156
1612,373.664276123047
1613,370.074584960937
1614,370.1826171875
1615,370.069549560547
1616,375.006927490234
1617,373.063598632812
1618,374.516815185547
1619,371.130004882813
1620,375.316833496094
1621,368.759094238281
1622,373.357604980469
1623,373.822448730469
1624,377.320739746094
1625,376.202972412109
1626,377.969024658203
1627,377.231781005859
1628,374.71044921875
1629,372.401916503906
1630,376.223541259766
1631,381.968444824219
1632,382.742065429687
1633,375.973388671875
1634,375.333740234375
1635,378.193664550781
1636,389.502410888672
1637,389.674682617187
1638,394.803771972656
1639,394.323699951172
1640,392.463409423828
1641,390.704742431641
1642,389.917938232422
1643,381.919525146484
1644,379.3017578125
1645,377.548065185547
1646,370.294494628906
1647,371.581237792969
1648,375.189697265625
1649,374.494171142578
1650,374.772735595703
1651,378.266235351562
1652,379.723937988281
1653,376.459625244141
1654,376.831878662109
1655,378.690856933594
1656,379.554443359375
1657,379.572692871094
1658,377.43798828125
1659,377.433319091797
1660,375.288787841797
1661,375.339630126953
1662,373.694885253906
1663,375.069946289062
1664,375.061584472656
1665,374.884613037109
1666,379.789978027344
1667,379.867523193359
1668,385.331024169922
1669,379.067901611328
1670,382.295379638672
1671,378.919342041016
1672,382.908966064453
1673,377.337310791016
1674,379.172790527344
1675,375.963287353516
1676,377.656402587891
1677,380.497283935547
1678,379.206451416016
1679,379.9794921875
1680,379.784423828125
1681,382.012023925781
1682,379.490234375
1683,376.369537353516
1684,386.605529785156
1685,374.750946044922
1686,378.144073486328
1687,373.885437011719
1688,376.783874511719
1689,377.647735595703
1690,378.773590087891
1691,377.212463378906
1692,366.954986572266
1693,370.02880859375
1694,370.211975097656
1695,373.121978759766
1696,376.357513427734
1697,369.096862792969
1698,368.521514892578
1699,374.929107666016
1700,367.024932861328
1701,369.073822021484
1702,373.169403076172
1703,372.422515869141
1704,378.880523681641
1705,380.75390625
1706,380.189758300781
1707,379.255920410156
1708,373.491882324219
1709,375.385955810547
1710,375.093566894531
1711,378.221130371094
1712,378.255645751953
1713,386.1123046875
1714,386.413635253906
1715,381.762847900391
1716,374.568603515625
1717,376.291839599609
1718,377.3671875
1719,378.921752929687
1720,374.446472167969
1721,370.859527587891
1722,369.753540039062
1723,370.197967529297
1724,368.253662109375
1725,380.051696777344
1726,377.806396484375
1727,383.717102050781
1728,392.17041015625
1729,398.612823486328
1730,394.017486572266
1731,391.367584228516
1732,389.271484375
1733,389.156341552734
1734,386.932769775391
1735,384.359527587891
1736,378.882537841797
1737,384.756683349609
1738,382.840118408203
1739,383.233184814453
1740,386.150207519531
1741,393.660339355469
1742,392.094573974609
1743,398.804382324219
1744,398.279266357422
1745,405.009368896484
1746,404.615142822266
1747,411.902526855469
1748,416.859588623047
1749,417.546569824219
1750,417.041595458984
1751,413.072326660156
1752,412.701293945313
1753,413.766693115234
1754,410.859649658203
1755,418.852294921875
1756,415.499664306641
1757,414.77099609375
1758,415.717498779297
1759,412.650268554688
1760,408.875671386719
1761,404.368469238281
1762,405.746124267578
1763,406.723266601562
1764,407.212127685547
1765,406.333374023438
1766,399.816802978516
1767,402.973388671875
1768,397.897308349609
1769,395.751892089844
1770,389.403686523437
1771,395.272033691406
1772,391.593048095703
1773,391.423400878906
1774,393.670837402344
1775,397.957244873047
1776,400.328399658203
1777,398.087280273438
1778,395.677856445312
1779,396.523681640625
1780,397.103393554687
1781,394.224548339844
1782,394.352447509766
1783,394.449523925781
1784,383.460479736328
1785,383.388305664062
1786,380.879425048828
1787,387.268798828125
1788,386.043640136719
1789,385.811187744141
1790,385.141662597656
1791,384.64990234375
1792,387.871551513672
1793,388.329132080078
1794,389.985229492187
1795,390.655029296875
1796,393.637817382813
1797,395.588348388672
1798,395.603454589844
1799,404.071990966797
1800,402.825958251953
1801,407.410919189453
1802,404.570770263672
1803,404.749053955078
1804,400.922515869141
1805,397.731689453125
1806,396.218078613281
1807,396.201141357422
1808,394.441101074219
1809,400.9853515625
1810,403.545379638672
1811,399.861419677734
1812,399.761444091797
1813,393.535491943359
1814,399.347320556641
1815,398.568420410156
1816,408.129211425781
1817,406.298065185547
1818,407.403961181641
1819,407.985473632813
1820,408.174438476563
1821,409.234649658203
1822,405.021789550781
1823,403.731109619141
1824,405.505767822266
1825,399.56591796875
1826,399.940734863281
1827,395.595336914062
1828,392.014556884766
1829,388.774841308594
1830,391.022125244141
1831,388.030120849609
1832,386.839172363281
1833,389.250274658203
1834,388.875244140625
1835,389.943969726562
1836,386.75
1837,378.161834716797
1838,383.820281982422
1839,385.185913085937
1840,383.633453369141
1841,375.444549560547
1842,376.328887939453
1843,371.166687011719
1844,372.336975097656
1845,364.661926269531
1846,365.129669189453
1847,355.701690673828
1848,350.825561523438
1849,353.534545898437
1850,356.431762695312
1851,356.243896484375
1852,356.288055419922
1853,356.78271484375
1854,356.966094970703
1855,347.683563232422
1856,345.84521484375
1857,350.412567138672
1858,350.049407958984
1859,353.263854980469
1860,355.508087158203
1861,355.418090820312
1862,354.298706054688
1863,350.61865234375
1864,351.132110595703
1865,354.421783447266
1866,352.575866699219
1867,350.767211914062
1868,349.113586425781
1869,351.757690429688
1870,351.850677490234
1871,348.713104248047
1872,349.661743164062
1873,349.646057128906
1874,349.031768798828
1875,344.149566650391
1876,341.160400390625
1877,342.617645263672
1878,344.757202148437
1879,345.100219726562
1880,348.704315185547
1881,347.894805908203
1882,347.189788818359
1883,348.072875976563
1884,349.938079833984
1885,353.453674316406
1886,360.337646484375
1887,352.277923583984
1888,356.321960449219
1889,356.550659179688
1890,355.777923583984
1891,359.913879394531
1892,356.710540771484
1893,363.590667724609
1894,362.7353515625
1895,358.713775634766
1896,355.202819824219
1897,355.575378417969
1898,366.150482177734
1899,353.619659423828
1900,362.410766601562
1901,362.591430664063
1902,365.318115234375
1903,367.257263183594
1904,365.494842529297
1905,367.698181152344
1906,367.360412597656
1907,370.539581298828
1908,372.029632568359
1909,364.223846435547
1910,360.037353515625
1911,360.510040283203
1912,358.283935546875
1913,356.644134521484
1914,352.918365478516
1915,356.575775146484
1916,351.829803466797
1917,369.495666503906
1918,368.506530761719
1919,367.154235839844
1920,368.207946777344
1921,367.141998291016
1922,367.242950439453
1923,370.417541503906
1924,367.259460449219
1925,360.632232666016
1926,363.736633300781
1927,363.609680175781
1928,359.113952636719
1929,355.716949462891
1930,356.887268066406
1931,356.803497314453
1932,360.860656738281
1933,359.455505371094
1934,359.883422851563
1935,358.609588623047
1936,360.743988037109
1937,361.718444824219
1938,353.149108886719
1939,352.267883300781
1940,351.198944091797
1941,353.024749755859
1942,353.509765625
1943,349.304840087891
1944,347.473114013672
1945,346.685607910156
1946,347.596954345703
1947,348.172088623047
1948,344.966613769531
1949,339.137268066406
1950,336.565002441406
1951,337.533142089844
1952,334.809173583984
1953,332.286895751953
1954,331.718688964844
1955,331.546661376953
1956,330.878143310547
1957,330.078125
1958,329.092956542969
1959,328.698120117187
1960,326.845764160156
1961,326.457061767578
1962,326.889038085937
1963,326.490295410156
1964,327.707672119141
1965,323.716674804687
1966,322.472900390625
1967,321.133911132812
1968,321.146209716797
1969,316.492034912109
1970,316.679473876953
1971,313.269409179687
1972,313.778381347656
1973,313.279327392578
1974,309.302490234375
1975,312.788818359375
1976,316.010589599609
1977,314.54736328125
1978,313.982849121094
1979,312.491760253906
1980,307.703979492187
1981,305.473876953125
1982,311.103424072266
1983,310.331115722656
1984,307.978637695312
1985,305.677124023437
1986,297.134582519531
1987,297.121734619141
1988,292.959808349609
1989,291.339996337891
1990,291.643005371094
1991,287.808166503906
1992,287.709594726562
1993,277.566589355469
1994,278.905029296875
1995,278.730712890625
1996,277.008148193359
1997,277.937683105469
1998,268.054718017578
1999,271.046478271484
2000,260.580139160156
2001,254.354553222656
2002,254.938705444336
2003,253.165832519531
2004,254.141677856445
2005,251.834808349609
2006,252.208618164062
2007,248.437438964844
2008,246.482482910156
2009,246.518600463867
2010,246.400100708008
2011,247.781494140625
2012,249.900268554688
2013,250.19319152832
2014,247.725616455078
2015,244.950454711914
2016,239.465942382812
2017,223.453247070312
2018,221.472442626953
2019,223.81022644043
2020,222.160888671875
2021,223.505432128906
2022,224.03157043457
2023,221.315002441406
2024,220.750274658203
2025,226.615097045898
2026,224.014984130859
2027,222.381225585938
2028,224.226531982422
2029,225.30647277832
2030,221.329071044922
2031,223.549057006836
2032,220.553176879883
2033,218.703338623047
2034,217.591567993164
2035,218.0771484375
2036,213.114105224609
2037,212.142364501953
2038,212.131225585937
2039,213.694122314453
2040,215.154220581055
2041,216.313064575195
2042,215.635818481445
2043,217.978866577148
2044,217.792816162109
2045,217.800140380859
2046,216.523788452148
2047,218.07600402832
2048,217.502166748047
2049,218.65998840332
2050,217.873550415039
2051,217.105239868164
2052,219.757354736328
2053,220.523986816406
2054,220.524856567383
2055,220.043731689453
2056,222.603424072266
2057,219.36653137207
2058,221.600463867187
2059,217.490463256836
2060,216.308288574219
2061,215.044418334961
2062,215.148025512695
2063,215.86994934082
2064,214.935745239258
2065,215.528747558594
2066,215.700942993164
2067,216.397613525391
2068,219.438568115234
2069,220.410720825195
2070,221.548919677734
2071,221.449569702148
2072,221.7529296875
2073,223.184051513672
2074,223.663391113281
2075,223.296142578125
2076,219.027816772461
2077,218.669540405273
2078,222.461486816406
2079,222.085494995117
2080,224.83772277832
2081,226.774063110352
2082,224.015609741211
2083,225.190963745117
2084,226.072189331055
2085,232.769180297852
2086,231.473846435547
2087,235.10188293457
2088,237.685958862305
2089,239.826995849609
2090,242.467147827148
2091,245.167007446289
2092,247.025970458984
2093,247.051071166992
2094,252.916778564453
2095,252.223434448242
2096,255.063323974609
2097,251.94563293457
2098,251.435501098633
2099,249.01692199707
2100,255.755432128906
2101,256.635833740234
2102,258.60107421875
2103,259.290405273437
2104,257.051055908203
2105,259.783325195312
2106,258.878387451172
2107,258.295227050781
2108,260.021148681641
2109,262.484039306641
2110,262.897857666016
2111,265.902252197266
2112,264.260986328125
2113,265.828643798828
2114,268.136138916016
2115,269.788208007812
2116,272.781494140625
2117,270.654296875
2118,272.817169189453
2119,269.400634765625
2120,276.713470458984
2121,280.243896484375
2122,279.312805175781
2123,279.346069335937
2124,280.215911865234
2125,275.619140625
2126,276.753143310547
2127,278.312255859375
2128,280.050872802734
2129,280.972839355469
2130,284.974548339844
2131,284.696502685547
2132,285.500854492187
2133,285.497131347656
2134,285.596923828125
2135,285.680328369141
2136,288.466918945312
2137,292.212432861328
2138,292.231231689453
2139,291.751251220703
2140,290.157043457031
2141,287.325225830078
2142,288.154357910156
2143,286.722351074219
2144,288.553985595703
2145,289.802734375
2146,294.673736572266
2147,293.332244873047
2148,296.188507080078
2149,296.772888183594
2150,299.318725585937
2151,300.953491210937
2152,298.517913818359
2153,302.715759277344
2154,304.756256103516
2155,308.619415283203
2156,310.580535888672
2157,313.410919189453
2158,317.610412597656
2159,317.410858154297
2160,318.787719726562
2161,321.216186523437
2162,318.859649658203
2163,319.979370117187
2164,320.570220947266
2165,322.502105712891
2166,321.750549316406
2167,326.438934326172
2168,327.276092529297
2169,327.070373535156
2170,327.516387939453
2171,333.659484863281
2172,332.648681640625
2173,335.867340087891
2174,338.781066894531
2175,338.076141357422
2176,338.267364501953
2177,342.020385742188
2178,338.104553222656
2179,338.863708496094
2180,336.418609619141
2181,336.330993652344
2182,335.781219482422
2183,336.323791503906
2184,336.111389160156
2185,329.913818359375
2186,334.386505126953
2187,331.833312988281
2188,328.086853027344
2189,325.484771728516
2190,323.015350341797
2191,322.543365478516
2192,322.527374267578
2193,325.067169189453
2194,317.277770996094
2195,318.663757324219
2196,315.295318603516
2197,317.806884765625
2198,320.727111816406
2199,317.979309082031
2200,313.573699951172
2201,316.364562988281
2202,311.263366699219
2203,309.032897949219
2204,311.673553466797
2205,310.288269042969
2206,308.556640625
2207,308.414123535156
2208,310.969390869141
2209,313.364105224609
2210,313.623657226562
2211,310.107788085937
2212,309.416473388672
2213,311.162017822266
2214,307.984497070312
2215,312.251922607422
2216,314.890808105469
2217,315.569519042969
2218,316.540893554687
2219,320.869079589844
2220,313.555389404297
2221,312.294036865234
2222,312.591217041016
2223,312.301940917969
2224,312.480895996094
2225,317.903533935547
2226,316.170440673828
2227,315.782501220703
2228,312.896118164062
2229,311.672515869141
2230,309.114562988281
2231,307.360290527344
2232,308.093322753906
2233,311.306793212891
2234,310.892761230469
2235,315.560394287109
2236,317.772094726562
2237,321.205261230469
2238,322.250183105469
2239,322.020263671875
2240,325.272888183594
2241,325.294921875
2242,324.166595458984
2243,324.897308349609
2244,327.057586669922
2245,335.844848632812
2246,335.147338867187
2247,337.058258056641
2248,336.743499755859
2249,342.642944335938
2250,343.366729736328
2251,343.002075195312
2252,343.477905273437
2253,340.329193115234
2254,338.555786132813
2255,338.680603027344
2256,336.388061523437
2257,337.736267089844
2258,331.49853515625
2259,344.729248046875
2260,346.259704589844
2261,348.181274414062
2262,351.174194335937
2263,349.608001708984
2264,349.224914550781
2265,347.453735351562
2266,350.443267822266
2267,345.439453125
2268,344.283081054687
2269,345.350311279297
2270,346.196990966797
2271,341.524047851563
2272,340.864593505859
2273,350.640411376953
2274,348.233276367187
2275,349.125
2276,350.591125488281
2277,347.774719238281
2278,346.721832275391
2279,348.601043701172
2280,354.260711669922
2281,354.199676513672
2282,355.767425537109
2283,361.694458007812
2284,366.476165771484
2285,368.424713134766
2286,366.514190673828
2287,365.155700683594
2288,367.573303222656
2289,367.546112060547
2290,365.139587402344
2291,371.347778320313
2292,369.973907470703
2293,368.104736328125
2294,367.797760009766
2295,369.240570068359
2296,371.787292480469
2297,371.852966308594
2298,371.752838134766
2299,374.966278076172
2300,373.812469482422
2301,371.674621582031
2302,370.326904296875
2303,372.057189941406
2304,370.894134521484
2305,369.049072265625
2306,370.230041503906
2307,373.408843994141
2308,369.602600097656
2309,364.735778808594
2310,363.935699462891
2311,362.872955322266
2312,367.171661376953
2313,363.344543457031
2314,366.161071777344
2315,361.797698974609
2316,358.382354736328
2317,360.818237304687
2318,356.424041748047
2319,352.499725341797
2320,352.810852050781
2321,352.990936279297
2322,360.56396484375
2323,367.090087890625
2324,365.831146240234
2325,360.305725097656
2326,364.668182373047
2327,370.802734375
2328,375.328399658203
2329,374.536285400391
2330,372.878692626953
2331,373.059661865234
2332,371.334777832031
2333,368.115264892578
2334,375.583923339844
2335,375.269195556641
2336,374.689819335937
2337,372.155578613281
2338,374.228424072266
2339,374.764801025391
2340,379.943420410156
2341,391.320373535156
2342,390.899261474609
2343,389.267425537109
2344,385.267120361328
2345,374.717681884766
2346,370.140441894531
2347,366.652465820312
2348,364.010620117187
2349,356.432586669922
2350,353.152404785156
2351,351.091918945312
2352,349.623229980469
2353,347.708251953125
2354,346.646087646484
2355,341.959350585938
2356,339.340393066406
2357,334.17529296875
2358,335.664947509766
2359,322.850402832031
2360,319.758636474609
2361,315.504760742188
2362,314.356811523437
2363,317.227722167969
2364,320.525299072266
2365,320.282012939453
2366,320.27099609375
2367,320.467742919922
2368,320.281097412109
2369,321.294250488281
2370,322.140991210937
2371,319.708740234375
2372,325.231018066406
2373,316.989044189453
2374,317.308044433594
2375,314.874938964844
2376,312.920989990234
2377,313.312316894531
2378,314.079284667969
2379,313.607177734375
2380,309.428649902344
2381,306.867767333984
2382,313.385375976562
2383,309.314422607422
2384,304.700256347656
2385,301.918975830078
2386,306.556121826172
2387,307.198760986328
2388,311.194671630859
2389,311.577972412109
2390,315.444213867187
2391,309.031921386719
2392,310.692932128906
2393,311.184539794922
2394,312.139739990234
2395,310.084838867188
2396,309.701446533203
2397,308.867858886719
2398,306.0537109375
2399,302.469482421875
2400,300.127105712891
2401,298.995574951172
2402,300.470245361328
2403,301.168914794922
2404,300.67236328125
2405,301.641815185547
2406,300.088897705078
2407,296.951995849609
2408,297.042388916016
2409,303.667846679688
2410,304.673004150391
2411,304.201995849609
2412,303.954406738281
2413,313.233154296875
2414,317.712066650391
2415,315.944000244141
2416,318.373870849609
2417,322.468109130859
2418,335.145385742187
2419,337.604309082031
2420,338.287384033203
2421,338.010375976563
2422,330.733581542969
2423,330.501678466797
2424,332.163665771484
2425,336.334655761719
2426,334.229248046875
2427,327.607391357422
2428,327.261108398437
2429,328.517456054688
2430,335.068603515625
2431,337.112823486328
2432,336.250610351563
2433,336.558441162109
2434,329.104400634766
2435,324.204010009766
2436,326.254028320312
2437,324.208374023438
2438,321.859954833984
2439,322.190826416016
2440,318.947540283203
2441,316.514343261719
2442,321.186431884766
2443,322.674682617187
2444,326.469757080078
2445,330.789611816406
2446,335.615173339844
2447,341.082397460938
2448,343.320587158203
2449,345.367065429688
2450,349.616821289062
2451,351.052185058594
2452,355.203857421875
2453,357.6357421875
2454,361.819519042969
2455,365.483154296875
2456,367.036285400391
2457,367.518371582031
2458,370.820770263672
2459,372.557525634766
2460,373.108825683594
2461,373.202850341797
2462,377.775146484375
2463,374.534149169922
2464,372.094360351563
2465,371.250885009766
2466,375.588409423828
2467,377.529296875
2468,377.223571777344
2469,377.074462890625
2470,379.506439208984
2471,382.418579101562
2472,380.00439453125
2473,375.949279785156
2474,376.364501953125
2475,376.156219482422
2476,376.050445556641
2477,374.764282226562
2478,373.809387207031
2479,373.388305664063
2480,372.196716308594
2481,373.155395507812
2482,365.280426025391
2483,362.965179443359
2484,363.653594970703
2485,363.131225585937
2486,356.442260742187
2487,357.043609619141
2488,360.32666015625
2489,366.002807617187
2490,364.423828125
2491,374.950958251953
2492,373.201599121094
2493,375.599578857422
2494,380.5966796875
2495,379.147583007812
2496,379.036743164062
2497,380.256805419922
2498,379.681335449219
2499,383.167724609375
2500,388.333435058594
2501,392.836700439453
2502,391.740631103516
2503,390.554290771484
2504,390.649810791016
2505,389.684783935547
2506,394.287628173828
2507,394.36767578125
2508,395.442901611328
2509,389.023559570313
2510,390.659698486328
2511,392.394012451172
2512,390.980865478516
2513,383.365112304687
2514,383.578460693359
2515,383.695068359375
2516,380.246948242188
2517,376.567657470703
2518,363.525512695312
2519,368.244995117188
2520,371.726684570312
2521,370.484619140625
2522,369.878662109375
2523,366.900787353516
2524,371.367492675781
2525,369.711547851562
2526,368.807556152344
2527,372.66845703125
2528,368.304016113281
2529,367.928924560547
2530,367.990081787109
2531,368.589782714844
2532,369.836791992187
2533,370.774597167969
2534,372.131744384766
2535,372.866088867187
2536,368.429595947266
2537,367.444396972656
2538,370.5810546875
2539,369.435089111328
2540,366.902435302734
2541,359.104858398437
2542,361.728240966797
2543,365.517333984375
2544,361.511474609375
2545,358.091583251953
2546,355.802185058594
2547,358.338287353516
2548,357.861450195312
2549,358.867340087891
2550,353.845062255859
2551,367.988311767578
2552,367.111267089844
2553,367.659820556641
2554,364.568786621094
2555,364.531646728516
2556,367.989196777344
2557,371.024017333984
2558,371.516448974609
2559,375.2265625
2560,378.402709960937
2561,382.298431396484
2562,376.971038818359
2563,380.175140380859
2564,380.518859863281
2565,384.226043701172
2566,380.363891601562
2567,378.829803466797
2568,386.789703369141
2569,384.641754150391
2570,378.544128417969
2571,379.263793945312
2572,385.679473876953
2573,385.746917724609
2574,385.582183837891
2575,384.797790527344
2576,387.912536621094
2577,387.604858398437
2578,387.598083496094
2579,391.874206542969
2580,391.691192626953
2581,397.993041992187
2582,399.059143066406
2583,397.593444824219
2584,396.931243896484
2585,398.907653808594
2586,400.152954101563
2587,408.565856933594
2588,398.988647460937
2589,393.579345703125
2590,398.095031738281
2591,387.767517089844
2592,391.8935546875
2593,389.374420166016
2594,384.965484619141
2595,392.576385498047
2596,392.768432617187
2597,391.549011230469
2598,401.746307373047
2599,402.081176757813
2600,403.597351074219
2601,403.172393798828
2602,412.85107421875
2603,413.151458740234
2604,415.700775146484
2605,421.600402832031
2606,419.155456542969
2607,419.86083984375
2608,427.489868164063
2609,429.769714355469
2610,429.476531982422
2611,430.576995849609
2612,430.959075927734
2613,433.958984375
2614,442.778594970703
2615,442.758972167969
2616,443.580352783203
2617,442.984405517578
2618,443.062774658203
2619,436.8369140625
2620,435.672546386719
2621,433.401947021484
2622,434.493743896484
2623,432.994689941406
2624,426.390441894531
2625,423.778564453125
2626,432.553924560547
2627,431.589477539063
2628,430.710845947266
2629,429.620300292969
2630,425.654296875
2631,423.216522216797
2632,422.445404052734
2633,424.720397949219
2634,430.822998046875
2635,433.552337646484
2636,431.611450195313
2637,430.259246826172
2638,433.486450195313
2639,437.865112304688
2640,435.224792480469
2641,435.988677978516
2642,432.796844482422
2643,429.535461425781
2644,430.500335693359
2645,432.487945556641
2646,432.948638916016
2647,425.327880859375
2648,430.514434814453
2649,427.379150390625
2650,427.568969726562
2651,417.130859375
2652,419.439453125
2653,416.752349853516
2654,418.397064208984
2655,417.21435546875
2656,418.437133789063
2657,416.360565185547
2658,411.180725097656
2659,407.262725830078
2660,406.829315185547
2661,409.653533935547
2662,411.168151855469
2663,408.349761962891
2664,407.627380371094
2665,410.771789550781
2666,406.696624755859
2667,407.059020996094
2668,398.801452636719
2669,400.678619384766
2670,401.917449951172
2671,401.264129638672
2672,393.187042236328
2673,392.548095703125
2674,391.294586181641
2675,392.783416748047
2676,389.276062011719
2677,390.162872314453
2678,392.105377197266
2679,386.665954589844
2680,387.717620849609
2681,388.940643310547
2682,392.496826171875
2683,392.569305419922
2684,398.468200683594
2685,396.330047607422
2686,397.692718505859
2687,388.917602539063
2688,390.744384765625
2689,390.191070556641
2690,385.248413085937
2691,383.302856445312
2692,380.751098632813
2693,379.794921875
2694,385.145690917969
2695,381.696166992187
2696,380.735870361328
2697,379.388031005859
2698,382.983215332031
2699,379.844970703125
2700,374.429962158203
2701,370.150817871094
2702,359.614807128906
2703,357.974761962891
2704,354.721954345703
2705,348.819549560547
2706,346.630554199219
2707,347.977996826172
2708,338.683776855469
2709,339.618560791016
2710,342.240783691406
2711,345.502319335937
2712,345.073638916016
2713,342.331756591797
2714,327.149719238281
2715,328.315063476562
2716,329.059692382812
2717,328.456634521484
2718,329.041259765625
2719,329.955200195312
2720,327.149719238281
2721,328.883758544922
2722,328.205047607422
2723,329.085205078125
2724,333.182495117188
2725,334.937805175781
2726,327.321258544922
2727,325.652526855469
2728,327.974639892578
2729,332.104827880859
2730,331.582000732422
2731,336.542877197266
2732,336.162628173828
2733,352.901977539062
2734,346.998352050781
2735,355.252471923828
2736,355.078430175781
2737,355.009704589844
2738,351.913146972656
2739,350.460876464844
2740,350.853851318359
2741,350.991119384766
2742,348.060516357422
2743,346.702514648437
2744,346.306549072266
2745,344.317596435547
2746,351.426422119141
2747,354.376129150391
2748,371.006896972656
2749,372.842590332031
2750,372.744079589844
2751,369.429107666016
2752,367.515838623047
2753,369.659606933594
2754,367.893646240234
2755,365.659576416016
2756,361.851745605469
2757,364.090698242188
2758,364.949798583984
2759,368.241424560547
2760,366.369689941406
2761,364.858825683594
2762,366.092163085937
2763,385.912475585937
2764,383.652648925781
2765,375.980651855469
2766,381.149383544922
2767,382.686218261719
2768,384.546325683594
2769,382.807098388672
2770,386.599334716797
2771,385.072509765625
2772,386.062286376953
2773,387.635589599609
2774,389.373260498047
2775,387.704986572266
2776,387.601776123047
2777,386.863494873047
2778,393.170349121094
2779,395.997436523438
2780,395.521240234375
2781,389.852508544922
2782,386.673919677734
2783,387.273345947266
2784,381.483367919922
2785,383.816223144531
2786,382.466674804687
2787,382.364349365234
2788,381.925079345703
2789,381.915313720703
2790,383.49267578125
2791,385.406311035156
2792,384.717803955078
2793,386.610229492188
2794,381.565643310547
2795,383.157165527344
2796,384.845916748047
2797,391.576263427734
2798,380.704833984375
2799,391.282104492188
2800,390.992309570312
2801,393.002655029297
2802,398.863952636719
2803,399.644073486328
2804,401.231842041016
2805,406.110473632813
2806,409.616149902344
2807,410.698547363281
2808,410.707336425781
2809,422.017364501953
2810,423.759704589844
2811,420.087463378906
2812,420.681243896484
2813,420.466888427734
2814,425.208068847656
2815,428.210357666016
2816,430.838348388672
2817,432.495300292969
2818,433.290374755859
2819,437.405670166016
2820,439.507476806641
2821,442.312316894531
2822,442.683197021484
2823,439.484466552734
2824,437.340209960938
2825,441.5068359375
2826,450.627075195313
2827,452.687622070313
2828,460.315063476563
2829,458.243194580078
2830,461.129577636719
2831,461.323760986328
2832,461.59716796875
2833,449.885467529297
2834,450.467895507813
2835,439.122985839844
2836,444.800018310547
2837,447.183471679687
2838,443.960327148438
2839,440.082763671875
2840,441.609130859375
2841,446.915313720703
2842,447.623077392578
2843,449.117401123047
2844,451.47705078125
2845,458.509918212891
2846,449.956695556641
2847,449.724548339844
2848,428.495544433594
2849,430.185180664062
2850,430.970275878906
2851,435.170501708984
2852,432.07861328125
2853,433.682373046875
2854,433.473449707031
2855,434.533721923828
2856,434.638122558594
2857,436.219787597656
2858,437.090484619141
2859,432.063659667969
2860,430.906280517578
2861,427.452117919922
2862,429.566802978516
2863,408.583587646484
2864,410.042999267578
2865,409.735504150391
2866,404.389190673828
2867,403.451446533203
2868,403.046569824219
2869,408.508178710938
2870,406.388214111328
2871,416.679107666016
2872,417.900238037109
2873,432.155975341797
2874,432.557586669922
2875,433.90771484375
2876,457.794494628906
2877,460.005523681641
2878,454.341888427734
2879,452.698638916016
2880,452.581115722656
2881,455.491485595703
2882,452.851715087891
2883,457.167449951172
2884,459.467468261719
2885,461.741943359375
2886,460.961853027344
2887,463.08056640625
2888,463.9970703125
2889,467.766540527344
2890,465.279968261719
2891,466.002899169922
2892,465.985534667969
2893,472.272735595703
2894,471.853912353516
2895,465.725433349609
2896,465.423217773438
2897,466.122222900391
2898,468.034423828125
2899,462.649078369141
2900,465.905670166016
2901,473.651153564453
2902,470.990783691406
2903,471.488677978516
2904,477.171905517578
2905,475.031280517578
2906,474.628784179687
2907,473.953857421875
2908,478.449829101563
2909,470.578216552734
2910,466.013366699219
2911,467.839202880859
2912,469.492706298828
2913,473.713348388672
2914,472.339447021484
2915,476.773406982422
2916,471.950103759766
2917,472.364776611328
2918,475.451324462891
2919,470.706359863281
2920,471.911285400391
2921,471.620330810547
2922,480.036224365234
2923,482.251251220703
2924,481.683990478516
2925,477.863861083984
2926,467.105285644531
2927,468.132690429688
2928,472.425415039062
2929,472.397918701172
2930,469.91015625
2931,467.55419921875
2932,472.589630126953
2933,464.902404785156
2934,462.849273681641
2935,462.367645263672
2936,467.912811279297
2937,466.106689453125
2938,468.688446044922
2939,475.780212402344
2940,474.07275390625
2941,466.539337158203
2942,464.758483886719
2943,463.685791015625
2944,462.435455322266
2945,456.287414550781
2946,455.031341552734
2947,453.394226074219
2948,451.527191162109
2949,455.279693603516
2950,455.677062988281
2951,450.420501708984
2952,451.042297363281
2953,448.064300537109
2954,449.81884765625
2955,451.470520019531
2956,453.963745117188
2957,449.835388183594
2958,448.390228271484
2959,450.781372070313
2960,451.849853515625
2961,450.371368408203
2962,446.716674804688
2963,446.812194824219
2964,447.393157958984
2965,448.189422607422
2966,450.424468994141
2967,453.284515380859
2968,451.942596435547
2969,447.318511962891
2970,446.267333984375
2971,435.507080078125
2972,432.606994628906
2973,415.420959472656
2974,412.889495849609
2975,413.411773681641
2976,393.969543457031
2977,397.109802246094
2978,399.158050537109
2979,398.646392822266
2980,398.363250732422
2981,410.500213623047
2982,409.350830078125
2983,416.039886474609
2984,413.636474609375
2985,411.566772460938
2986,412.540985107422
2987,409.912200927734
2988,408.061309814453
2989,405.169403076172
2990,406.657257080078
2991,405.8662109375
2992,405.865661621094
2993,402.94140625
2994,403.64599609375
2995,408.795867919922
2996,411.592651367188
2997,416.047882080078
2998,425.815765380859
2999,422.171813964844
3000,418.432708740234
3001,410.113952636719
3002,410.593231201172
3003,410.664276123047
3004,404.989990234375
3005,403.915008544922
3006,403.264831542969
3007,400.816192626953
3008,402.067840576172
3009,394.532440185547
3010,394.541564941406
3011,391.652038574219
3012,387.200592041016
3013,381.403015136719
3014,377.459197998047
3015,369.663909912109
3016,372.284851074219
3017,371.417572021484
3018,368.985290527344
3019,371.451751708984
3020,367.940612792969
3021,365.220794677734
3022,358.941558837891
3023,367.023406982422
3024,367.303436279297
3025,366.485443115234
3026,367.265838623047
3027,365.030151367187
3028,351.853942871094
3029,352.929840087891
3030,352.845947265625
3031,350.563507080078
3032,348.538909912109
3033,350.681030273437
3034,352.009490966797
3035,356.249877929688
3036,349.212982177734
3037,348.635955810547
3038,354.220550537109
3039,351.467590332031
3040,352.342315673828
3041,359.758087158203
3042,361.919952392578
3043,360.752166748047
3044,366.168182373047
3045,366.167938232422
3046,366.34423828125
3047,369.177154541016
3048,369.649871826172
3049,362.765045166016
3050,369.627960205078
3051,369.824554443359
3052,369.205535888672
3053,368.715911865234
3054,371.000396728516
3055,370.57373046875
3056,378.336059570312
3057,377.692657470703
3058,380.298461914062
3059,380.324310302734
3060,382.490478515625
3061,382.505584716797
3062,385.060089111328
3063,384.864288330078
3064,389.801177978516
3065,389.395812988281
3066,388.634216308594
3067,384.130737304688
3068,385.3017578125
3069,383.863067626953
3070,382.501037597656
3071,384.539642333984
3072,384.3740234375
3073,388.432830810547
3074,389.311676025391
3075,389.20703125
3076,388.279113769531
3077,384.164489746094
3078,382.309234619141
3079,381.142700195312
3080,380.858489990234
3081,364.367126464844
3082,370.126678466797
3083,359.617462158203
3084,363.659027099609
3085,363.255645751953
3086,367.163116455078
3087,373.253387451172
3088,378.323699951172
3089,380.995147705078
3090,378.730712890625
3091,379.911987304687
3092,380.216247558594
3093,374.768737792969
3094,372.912078857422
3095,372.940246582031
3096,367.3251953125
3097,355.034606933594
3098,345.259368896484
3099,346.120513916016
3100,346.75390625
3101,347.546447753906
3102,349.06689453125
3103,352.025817871094
3104,351.623657226562
3105,350.153228759766
3106,354.231964111328
3107,354.552978515625
3108,353.531311035156
3109,353.709411621094
3110,362.98046875
3111,369.061859130859
3112,372.169494628906
3113,372.456085205078
3114,374.284851074219
3115,376.018615722656
3116,375.453643798828
3117,374.361663818359
3118,373.890167236328
3119,373.608215332031
3120,373.700653076172
3121,373.248199462891
3122,371.273590087891
3123,361.228454589844
3124,359.672302246094
3125,359.948577880859
3126,358.210632324219
3127,356.283538818359
3128,357.936309814453
3129,355.328247070313
3130,355.136352539062
3131,356.993499755859
3132,354.836364746094
3133,352.34375
3134,352.656555175781
3135,352.626892089844
3136,350.076293945312
3137,349.964477539062
3138,342.847015380859
3139,338.007141113281
3140,340.502746582031
3141,336.950225830078
3142,334.991607666016
3143,334.595306396484
3144,328.196350097656
3145,333.562255859375
3146,338.034149169922
3147,336.724273681641
3148,344.304718017578
3149,344.222778320312
3150,340.648406982422
3151,341.703948974609
3152,344.302581787109
3153,344.516723632813
3154,340.687530517578
3155,340.515686035156
3156,330.426849365234
3157,331.408172607422
3158,329.967620849609
3159,332.981170654297
3160,329.775512695312
3161,336.945831298828
3162,332.074890136719
3163,332.670532226562
3164,330.925018310547
3165,331.205841064453
3166,330.030883789063
3167,334.171600341797
3168,334.931823730469
3169,338.274780273438
3170,341.56591796875
3171,339.702728271484
3172,341.172119140625
3173,340.116455078125
3174,341.485137939453
3175,340.495208740234
3176,342.098724365234
3177,342.335998535156
3178,341.400695800781
3179,342.655029296875
3180,343.80712890625
3181,343.517700195313
3182,337.767517089844
3183,337.363983154297
3184,332.426818847656
3185,334.859741210937
3186,329.017761230469
3187,322.756256103516
3188,320.955291748047
3189,317.218322753906
3190,317.049560546875
3191,314.013366699219
3192,316.880615234375
3193,320.445831298828
3194,319.676605224609
3195,314.845520019531
3196,319.796356201172
3197,320.88232421875
3198,321.295440673828
3199,321.015380859375
3200,325.990081787109
3201,325.304138183594
3202,321.570648193359
3203,320.767059326172
3204,322.493743896484
3205,323.6630859375
3206,319.680084228516
3207,319.172546386719
3208,315.233795166016
3209,315.352416992187
3210,309.992919921875
3211,303.690002441406
3212,306.409118652344
3213,309.541229248047
3214,316.702545166016
3215,314.643157958984
3216,312.279174804687
3217,315.648895263672
3218,315.981658935547
3219,313.512115478516
3220,319.946044921875
3221,320.129028320313
3222,320.649627685547
3223,320.299346923828
3224,323.799774169922
3225,324.678863525391
3226,324.8818359375
3227,325.771484375
3228,326.624359130859
3229,330.192779541016
3230,330.556274414062
3231,334.291625976562
3232,338.626586914062
3233,342.481689453125
3234,342.393829345703
3235,343.093353271484
3236,342.492950439453
3237,345.232147216797
3238,345.317016601562
3239,352.124694824219
3240,349.890472412109
3241,348.90283203125
3242,351.874694824219
3243,354.834075927734
3244,354.348297119141
3245,351.3408203125
3246,350.760681152344
3247,349.831481933594
3248,341.199890136719
3249,346.497009277344
3250,343.871002197266
3251,343.911590576172
3252,343.658386230469
3253,344.796966552734
3254,348.296813964844
3255,346.351867675781
3256,344.053283691406
3257,344.71923828125
3258,343.247680664062
3259,339.074066162109
3260,347.692199707031
3261,340.313018798828
3262,345.884979248047
3263,349.162719726562
3264,345.313079833984
3265,347.102172851562
3266,348.549621582031
3267,343.535827636719
3268,339.851928710937
3269,337.272033691406
3270,333.756011962891
3271,334.614868164063
3272,334.990661621094
3273,332.766265869141
3274,332.156646728516
3275,334.886322021484
3276,335.89404296875
3277,334.211761474609
3278,335.153198242187
3279,334.881896972656
3280,333.817657470703
3281,333.593933105469
3282,334.746612548828
3283,334.361694335937
3284,346.709716796875
3285,342.238250732422
3286,344.960113525391
3287,346.78369140625
3288,347.975463867188
3289,352.098999023437
3290,353.943572998047
3291,354.039215087891
3292,355.495391845703
3293,352.311798095703
3294,352.695495605469
3295,352.325653076172
3296,352.879119873047
3297,374.337982177734
3298,369.464630126953
3299,370.23876953125
3300,366.171508789062
3301,365.297698974609
3302,366.585205078125
3303,366.173400878906
3304,362.975372314453
3305,361.433135986328
3306,359.193969726562
3307,361.046173095703
3308,360.278686523437
3309,360.06689453125
3310,353.636871337891
3311,352.501617431641
3312,351.226226806641
3313,348.573516845703
3314,339.543426513672
3315,343.388946533203
3316,343.232757568359
3317,338.199005126953
3318,336.583923339844
3319,335.037933349609
3320,330.764251708984
3321,329.806060791016
3322,328.253356933594
3323,330.573181152344
3324,329.708618164062
3325,335.782745361328
3326,336.535217285156
3327,341.650299072266
3328,339.841217041016
3329,338.329223632812
3330,337.472595214844
3331,335.013549804688
3332,334.094909667969
3333,329.350646972656
3334,329.8486328125
3335,328.046447753906
3336,327.409698486328
3337,325.270111083984
3338,323.069427490234
3339,317.638671875
3340,317.627349853516
3341,315.607238769531
3342,312.832794189453
3343,315.433837890625
3344,318.120544433594
3345,315.452301025391
3346,313.784057617187
3347,318.201934814453
3348,321.671691894531
3349,323.082977294922
3350,329.191833496094
3351,327.976837158203
3352,327.870025634766
3353,327.098663330078
3354,325.275421142578
3355,325.977905273437
3356,328.779968261719
3357,329.758117675781
3358,332.465118408203
3359,334.238494873047
3360,330.511505126953
3361,331.105010986328
3362,325.66650390625
3363,326.639709472656
3364,325.536041259766
3365,328.615783691406
3366,337.214294433594
3367,338.204711914062
3368,338.081085205078
3369,340.30615234375
3370,341.50390625
3371,341.805267333984
3372,338.885894775391
3373,338.314117431641
3374,338.316131591797
3375,335.778747558594
3376,330.159545898437
3377,333.786682128906
3378,330.805541992187
3379,344.890350341797
3380,346.471832275391
3381,346.279449462891
3382,345.207489013672
3383,351.375701904297
3384,340.467315673828
3385,345.677703857422
3386,348.127410888672
3387,346.490600585937
3388,343.008850097656
3389,339.759979248047
3390,340.158447265625
3391,340.846649169922
3392,341.784515380859
3393,343.102447509766
3394,342.834899902344
3395,349.597595214844
3396,344.048950195313
3397,321.806945800781
3398,327.002868652344
3399,324.263092041016
3400,322.972808837891
3401,322.106964111328
3402,323.041046142578
3403,321.980285644531
3404,325.370910644531
3405,326.779693603516
3406,328.215057373047
3407,329.521484375
3408,333.806091308594
3409,340.595733642578
3410,343.315002441406
3411,346.330871582031
3412,342.076751708984
3413,341.118988037109
3414,344.524536132812
3415,340.203308105469
3416,342.305877685547
3417,346.169219970703
3418,345.990081787109
3419,353.617553710937
3420,351.540466308594
3421,357.514984130859
3422,359.401672363281
3423,358.240509033203
3424,358.565612792969
3425,350.595458984375
3426,349.806793212891
3427,350.877746582031
3428,349.807830810547
3429,347.6630859375
3430,350.001342773437
3431,346.260192871094
3432,344.214721679687
3433,345.293731689453
3434,342.952880859375
3435,343.116668701172
3436,347.154998779297
3437,346.470764160156
3438,349.183349609375
3439,349.633087158203
3440,348.514617919922
3441,349.009429931641
3442,350.869598388672
3443,346.346588134766
3444,343.852752685547
3445,342.981903076172
3446,340.969146728516
3447,337.103851318359
3448,334.400512695312
3449,329.926147460937
3450,323.250793457031
3451,324.726470947266
3452,329.375061035156
3453,330.440979003906
3454,331.059326171875
3455,331.241821289063
3456,330.248596191406
3457,330.605133056641
3458,329.059417724609
3459,325.62939453125
3460,322.275146484375
3461,321.784332275391
3462,323.119049072266
3463,322.049926757813
3464,323.202789306641
3465,317.966888427734
3466,308.203735351562
3467,309.240173339844
3468,313.648620605469
3469,314.303771972656
3470,313.887145996094
3471,316.039367675781
3472,316.901824951172
3473,318.256378173828
3474,319.945251464844
3475,321.087707519531
3476,323.017456054687
3477,322.007293701172
3478,328.797637939453
3479,316.370178222656
